,Structure Residue:,AA:,Variant Color:,Residue:,Variant:,Variant Frequency:,Exotic Cat Species:
1,,M,,,,,
2,,K,#d60093,Lys2,K → E,12.5% of exotic cats analyzed,Cougar
3,,G,#ffffff,,,,
4,,A,#ffffff,,,,
5,,R,#7030a0,Arg5,R → C or H,"(C) 25% of exotic cats analyzed
(H) 12.5% of exotic cats analyzed","(C) Leopard cat, fishing cat
(H) Iberian lynx"
6,,V,#ffffff,,,,
7,,L,#ffffff,,,,
8,,V,#ffffff,,,,
9,,L,#ffffff,,,,
10,,L,#ffffff,,,,
11,,W,#ffffff,,,,
12,,A,#ffffff,,,,
13,,A,#ffffff,,,,
14,,L,#ffffff,,,,
15,,L,#ffffff,,,,
16,,L,#ffffff,,,,
17,,I,#ffffff,,,,
18,,W,#7030a0,Trp18,W → S,100% of exotic cats analyzed,"Cougar, black-footed cat, Chinese mountain cat, Iberian lynx, African lion, Bengal tiger, leopard cat, fishing cat"
19,,G,#ffffff,,,,
20,,G,#ffffff,,,,
21,,N,#ffffff,,,,
22,,C,#ffffff,,,,
23,1,E,#ffffff,,,,
24,2,I,#ffffff,,,,
25,3,C,#ffffff,,,,
26,4,P,#d60093,Pro26,P → S,50% of exotic cats analyzed,"Cougar, Iberian lynx, African lion, Bengal tiger"
27,5,A,#ffffff,,,,
28,6,V,#ffffff,,,,
29,7,K,#ffffff,,,,
30,8,R,#ffffff,,,,
31,9,D,#d60093,Asp31,D → I/N,"12.5% of exotic cats analyzed (I)
12.5% of exotic cats analyzed (N)","African lion(I)
Bengal tiger (N)"
32,10,V,#ffffff,,,,
33,11,D,#ffffff,,,,
34,12,L,#ffffff,,,,
35,13,F,#ffffff,,,,
36,14,L,#ffffff,,,,
37,15,T,#ffffff,,,,
38,16,G,#ffffff,,,,
39,17,T,#ffffff,,,,
40,18,P,#ffffff,,,,
41,19,D,#ffffff,,,,
42,20,E,#ffffff,,,,
43,21,Y,#ffffff,,,,
44,22,V,#ffffff,,,,
45,23,E,#ffffff,,,,
46,24,Q,#ffffff,,,,
47,25,V,#ffffff,,,,
48,26,A,#ffffff,,,,
49,27,Q,#ffffff,,,,
50,28,Y,#ffffff,,,,
51,29,K,#7030a0,Lys51,K → N/S,"87.5% of exotic cats analyzed (K)
12.5% of exotic cats analyzed (S)","Cougar, Chinese mountain cat, Iberian lynx, African lion, Bengal tiger, leopard cat, fishing cat (K)
Black-footed cat (S)"
52,30,A,#d60093,Ala52,A → T,25% of exotic cats analyzed,"Leopard cat, fishing cat"
53,31,L,#7030a0,Leu53,L → R/S/E,"37.5% of exotic cats analyzed (R)
12.5% of exotic cats analyzed (S)
25% of exotic cats analyzed (E)","Cougar, African lion, Bengal tiger (R)
Iberian lynx (S)
Leopard cat, fishing cat (E)"
54,32,P,#d60093,Pro54,P → S,62.5% of exotic cats analyzed,"Black-footed cat, African lion, Bengal tiger, leopard cat, fishing cat"
55,33,V,#d60093,Val55,V → E,25% of exotic cats analyzed,"Leopard cat, fishing cat"
56,34,V,#ffffff,,,,
57,35,L,#ffffff,,,,
58,36,E,#7030a0,Glu58,E → A/D/K,"25% of exotic cats analyzed (A)
25% of exotic cats analyzed (D)
8.3% of exotic cats analyzed (K)","Cougar, Iberian lynx (A)
African lion, Bengal tiger (D)
Leopard cat (K)"
59,37,N,#ffffff,,,,
60,38,A,#ffffff,,,,
61,39,R,#ffffff,,,,
62,40,I,#7030a0,Ile62,I → N/K/T,"12.5% of exotic cats analyzed (N)
25% of exotic cats analyzed (K)
25% of exotic cats analyzed (T)","Black-footed cat (N)
Cougar, Iberian lynx (K)
African lion, Bengal tiger (T)"
63,41,L,#ffffff,,,,
64,42,K,#ffffff,,,,
65,43,N,#ffffff,,,,
66,44,C,#ffffff,,,,
67,45,V,#d60093,Val67,V → I/A,"8.3% of exotic cats analyzed (I)
12.5% of exotic cats analyzed (A)","Cougar (I)
African lion (A)"
68,46,D,#ffffff,,,,
69,47,A,#ffffff,,,,
70,48,K,#ffffff,,,,
71,49,M,#ffffff,,,,
72,50,T,#ffffff,,,,
73,51,E,#ffffff,,,,
74,52,E,#ffffff,,,,
75,53,D,#ffffff,,,,
76,54,K,#d60093,Lys76,K → T,12.5% of exotic cats analyzed,Black-footed cat
77,55,E,#ffffff,,,,
78,56,N,#ffffff,,,,
79,57,A,#ffffff,,,,
80,58,L,#ffffff,,,,
81,59,S,#ffffff,,,,
82,60,L,#7030a0,Leu82,L → V,50% of exotic cats analyzed,"Cougar, Iberian lynx, African lion, Bengal tiger"
83,61,L,#ffffff,,,,
84,62,D,#ffffff,,,,
85,63,K,#d60093,Lys85,K → R,8.3% of exotic cats analyzed,Leopard cat
86,64,I,#ffffff,,,,
87,65,Y,#ffffff,,,,
88,66,T,#ffffff,,,,
89,67,S,#ffffff,,,,
90,68,P,#ffffff,,,,
91,69,L,#d60093,Leu91,L → G,25% of exotic cats analyzed,"Cougar, Iberian lynx"
92,70,C,#ffffff,,,,
,,,,,,,
,,,,,,,
,,,,,,,
,,,,,,,
,,,,,,,
,,,,,,,
,,,,,,,
,,,,,,,
,,,,,,,
,,,,,,,
,,,,,,,
,,,,,,,
,,,,,,,
,,,,,,,
,,,,,,,
,,,,,,,
,,,,,,,
,,,,,,,
,,,,,,,
,,,,,,,
,,,,,,,
,,,,,,,
,,,,,,,
,,,,,,,
,,,,,,,
,,,,,,,
,,,,,,,
,,,,,,,
,,,,,,,
,,,,,,,
,,,,,,,
,,,,,,,
,,,,,,,
,,,,,,,
,,,,,,,
,,,,,,,
,,,,,,,
,,,,,,,
,,,,,,,
,,,,,,,
,,,,,,,
,,,,,,,
,,,,,,,
,,,,,,,
,,,,,,,
,,,,,,,
,,,,,,,
,,,,,,,
,,,,,,,
,,,,,,,
,,,,,,,
,,,,,,,
,,,,,,,
,,,,,,,
,,,,,,,
,,,,,,,
,,,,,,,
,,,,,,,
,,,,,,,
,,,,,,,
,,,,,,,
,,,,,,,
,,,,,,,
,,,,,,,
,,,,,,,
,,,,,,,
,,,,,,,
,,,,,,,
,,,,,,,
,,,,,,,
,,,,,,,
,,,,,,,
,,,,,,,
,,,,,,,
,,,,,,,
,,,,,,,
,,,,,,,
,,,,,,,
,,,,,,,
,,,,,,,
,,,,,,,
,,,,,,,
,,,,,,,
,,,,,,,
,,,,,,,
,,,,,,,
,,,,,,,
,,,,,,,
,,,,,,,
,,,,,,,
,,,,,,,
,,,,,,,
,,,,,,,
,,,,,,,
,,,,,,,
,,,,,,,
,,,,,,,
,,,,,,,
,,,,,,,
,,,,,,,
,,,,,,,
,,,,,,,
,,,,,,,
,,,,,,,
,,,,,,,
,,,,,,,
,,,,,,,
,,,,,,,
,,,,,,,
,,,,,,,
,,,,,,,
,,,,,,,
,,,,,,,
,,,,,,,
,,,,,,,
97,,N,#ffffff,,,,
98,,T,#ffffff,,,,
99,,V,#ffffff,,,,
100,,E,#ffffff,,,,
101,,D,#ffffff,,,,
102,,L,#ffffff,,,,
103,,K,#ffffff,,,,
104,,L,#ffffff,,,,
105,,N,#ffffff,,,,
106,,T,#ffffff,,,,
107,,L,#ffffff,,,,
108,,G,#ffffff,,,,
109,,R,#ffffff,,,,